post_title,subreddit,author,post_url,created_date,upvotes,comments,lead_score,lead_tier,pain_points,urgency_level,competitor_mentions,competitor_sentiment,content_summary,false_positive_flag,recommended_action
"I deleted Notion Anki and Quizlet and my grades went up",studytips,Narrow_Detective9864,https://www.reddit.com/r/studytips/comments/1rsd9ux/,2026-03-13,600,100,7.5,warm_lead,complexity;cost,exploring,Forest;Pomodoro timer,Forest:neutral;Pomodoro timer:neutral,Student ditched 6 apps incl Forest; GPA rose from 2.9 to 3.6,none,value_comment
"i can scroll for hours but studying 15 min feels like pain",studytips,Plus-Horse892,https://www.reddit.com/r/studytips/comments/1roiyvl/,2026-03-09,194,13,7.0,warm_lead,complexity;time,exploring,Pomodoro,Pomodoro:positive,Dopamine hijack analysis; recommends pomodoro and boredom reset,none,value_comment
"study hacks for productivity",studytips,ComfortableHot6840,https://www.reddit.com/r/studytips/comments/1rg7y64/,2026-02-27,117,29,6.5,warm_lead,time;complexity,exploring,StudyStream,StudyStream:positive,8 study hacks incl focus blocks and timers; seeks more tips,none,value_comment
"IS THERE ANY GOOD APP THAT COULD TRACK WHAT I DID EACH DAY",productivity,Original-Type-9312,https://www.reddit.com/r/productivity/comments/1s1giij/,2026-03-23,5,5,6.0,warm_lead,cost;complexity,soon,none,,Wants free heatmap tracking app for study/workout/coding,none,immediate_response
"I assigned Jesus as my productivity manager",productivity,NotMeThenWhoSnaps,https://www.reddit.com/r/productivity/comments/1rdrdai/,2026-02-25,223,37,5.5,warm_lead,complexity;time,exploring,Pomodoro timers;Notion,Pomodoro timers:negative;Notion:negative,Tech worker says pomodoro creates anxiety; needs novelty gamification,none,monitor
"GIVE ME SERIOUS STUDY TIPS!",studytips,ExcellentDream417,https://www.reddit.com/r/studytips/comments/1rw7nry/,2026-03-17,513,66,5.0,warm_lead,time;complexity,soon,none,,Student urgently requesting study tips; comments mention ambient sounds,none,value_comment
"I tracked every hour I worked for a week",productivity,trimplin1,https://www.reddit.com/r/productivity/comments/1rhwxiw/,2026-03-01,1755,117,4.5,cold_lead,time;complexity,low,Pomodoro;productivity apps,Pomodoro:neutral,Tried pomodoro apps didnt work; found manual time audit instead,already_solved,monitor
"How to stay focused while studying",studytips,Curious_Key2609,https://www.reddit.com/r/studytips/comments/1rto2u8/,2026-03-15,300,47,4.5,cold_lead,time;complexity,exploring,none,,Focus tips request; comments discuss ADHD and phone removal,none,value_comment
"5 study habits backed by actual science",studytips,Ok_Chemical9,https://www.reddit.com/r/studytips/comments/1rh56jo/,2026-03-01,111,7,4.0,cold_lead,time;complexity,low,none,,Science-backed study habits; silence vs music debate relevant,tutorial_share,monitor
"i cant stop wasting days and idk whats wrong with me",productivity,whoisahana,https://www.reddit.com/r/productivity/comments/1rg07m5/,2026-02-27,565,88,3.5,cold_lead,time;complexity,interested,none,,Student with severe phone addiction and zero focus ability,vent_post,monitor
"im fixing my brain and attention span",productivity,Informal-Chance1912,https://www.reddit.com/r/productivity/comments/1rl1kql/,2026-03-05,506,67,3.5,cold_lead,time,interested,none,,Motivational post about quitting idle phone time,general_discussion,monitor
"I do a 1 min breathing thing before deep work",productivity,Mastbubbles,https://www.reddit.com/r/productivity/comments/1rw1we1/,2026-03-17,292,38,3.5,cold_lead,time;complexity,low,Pomodoro,Pomodoro:negative,Says pomodoro lasted 2 weeks max; found breathing hack instead,none,monitor
"I need help getting myself up to study again",productivity,Prestigious-Tough932,https://www.reddit.com/r/productivity/comments/1s1fsff/,2026-03-23,4,3,3.0,cold_lead,time;complexity,soon,Pomodoro,Pomodoro:negative,Student says pomodoro doesnt work; needs focus on tablet,none,value_comment
"diagnosed with ADHD at 52 here are 5 things",studytips,Plus-Horse892,https://www.reddit.com/r/studytips/comments/1rax0e0/,2026-02-22,130,5,3.0,cold_lead,complexity;time,low,none,,ADHD management strategies; systems and habits focus,none,monitor
