post_title,subreddit,author,post_url,upvotes,comments,lead_score,lead_tier,pain_points,urgency_level,competitor_mentions,competitor_sentiment,content_summary,false_positive_flag,recommended_action
"Is there a gamified pomodoro timer app for productivity?",r/apps,,https://www.reddit.com/r/apps/comments/1s0iycb/,,,8.0,hot_lead,"complexity;cost",high,"Forest",negative,"ADHD user wants gamified focus tool fresh and different from Forest",false,"24h DM/comment response"
"I deleted Notion Anki Quizlet and grades went up",r/studytips,,https://www.reddit.com/r/studytips/comments/1rsd9ux/,600,100,7.5,warm_lead,"complexity;cost","Forest;Pomodoro",neutral,"Student ditched 6 apps incl Forest - anti-bloat validates simpler tools",false,"Value comment within 7 days"
"what apps actually helped you improve yourself?",r/apps,,https://www.reddit.com/r/apps/comments/1s0jgs8/,,27,7.0,warm_lead,"complexity",medium,"Headspace;Calm",negative,"Seeking indie productivity apps that beat big names",false,"Value comment within 7 days"
"Scrolling hours but studying 15min = pain",r/studytips,,https://www.reddit.com/r/studytips/comments/1roiyvl/,194,,7.0,warm_lead,"complexity;time",medium,"Pomodoro",positive,"Dopamine hijack analysis recommends pomodoro + boredom reset",false,"Value comment within 7 days"
"Study hacks for productivity",r/studytips,,https://www.reddit.com/r/studytips/comments/1rg7y64/,117,29,6.5,warm_lead,"time;complexity",medium,"StudyStream",positive,"Lists 8 hacks incl focus blocks and timers",false,"Value comment within 7 days"
"Looking for a pomodoro app full screen offline",r/apps,,https://www.reddit.com/r/apps/comments/1s0lqp6/,,,6.5,warm_lead,"complexity",medium,,,"Wants minimalistic offline pomodoro",false,"Value comment within 7 days"
"Any good app to track daily progress?",r/productivity,,https://www.reddit.com/r/productivity/comments/1s1giij/,,,6.0,warm_lead,"cost;complexity",medium,,,"Wants free heatmap tracking for study/workout",false,"Value comment within 7 days"
"I launched my first app binaural beats for focus",r/apps,,https://www.reddit.com/r/apps/comments/1s0sda8/,,,6.0,warm_lead,"cost;scale",low,,,"Solo dev with focus audio app potential ally",false,"Partnership outreach"
"I assigned Jesus as my productivity manager",r/productivity,,https://www.reddit.com/r/productivity/comments/1rdrdai/,223,,5.5,warm_lead,"complexity;time",medium,"Pomodoro;Notion",negative,"Boring to-do app needs pattern interruption",false,"Value comment within 7 days"
"Pitch your App in one sentence",r/apps,,https://www.reddit.com/r/apps/comments/1s0cjoh/,,72,5.5,warm_lead,,low,,,"High-visibility thread for Focus Valley pitch",false,"Post one-line pitch"
"GIVE ME SERIOUS STUDY TIPS!",r/studytips,,https://www.reddit.com/r/studytips/comments/1rw7nry/,513,,5.0,warm_lead,"time;complexity",high,,,"Student urgently wants study help comments mention ambient sounds",false,"Value comment within 7 days"
"Built Blockdoro focus app that forces you off phone",r/apps,,https://www.reddit.com/r/apps/comments/1s0h3uk/,,,5.0,warm_lead,"time;complexity",low,"Forest",neutral,"Competitor launch in same space",false,"Monitor competitor"
"I tracked every hour I worked for a week",r/productivity,,https://www.reddit.com/r/productivity/comments/1rhwxiw/,1755,,4.5,cold_lead,"time;complexity",low,"Pomodoro",neutral,"Tried pomodoro didnt work found manual time audit",true_already_solved,"List add retarget later"
"Safari silently deleted localStorage after 7 days",r/webdev,,https://www.reddit.com/r/webdev/comments/1rpp4oh/,405,,4.5,cold_lead,"complexity;time",low,,,"CRITICAL: Directly impacts Focus Valley Zustand persist",false,"Technical risk mitigation"
"Next.js / SPA Reality Check",r/reactjs,,https://www.reddit.com/r/reactjs/comments/1rrjkfm/,212,,4.5,cold_lead,"complexity",low,"Vercel",negative,"Validates React+Vite SPA stack",false,"Tech stack validation"
"How to stay focused while studying",r/studytips,,https://www.reddit.com/r/studytips/comments/1rto2u8/,300,,4.5,cold_lead,"time;complexity",low,,,"Focus tips request comments discuss ADHD",false,"List add retarget later"
"Pixel canvas like r/place React + Supabase",r/reactjs,,https://www.reddit.com/r/reactjs/comments/1rzq7l8/,,,4.0,cold_lead,,low,"Supabase",positive,"Pixel art + React overlap community",false,"Community engagement"
"5 study habits backed by science",r/studytips,,https://www.reddit.com/r/studytips/comments/1rh56jo/,,,4.0,cold_lead,"time;complexity",low,,,"Silence vs music debate ambient sound angle",false,"List add retarget later"
"Cant stop wasting days",r/productivity,,https://www.reddit.com/r/productivity/comments/1rg07m5/,565,88,3.5,cold_lead,"time;complexity",low,,,"Severe phone addiction vent-heavy",true_vent,"List add retarget later"
"Are all niches fully occupied?",r/webdev,,https://www.reddit.com/r/webdev/comments/1s0nj2q/,,,3.5,cold_lead,"scale;complexity",low,,,"Dev looking for niche direction",false,"List add retarget later"
"How to find real problems to build for?",r/apps,,https://www.reddit.com/r/apps/comments/1s19xui/,,,3.5,cold_lead,,low,,,"Meta-discussion focus/productivity validated",false,"List add retarget later"
"Built 6 SaaS got 0 customers",r/indiehackers,,https://www.reddit.com/r/indiehackers/comments/1rw64vw/,140,220,3.5,cold_lead,"scale;cost",low,,,"Validation challenges discussion",false,"List add retarget later"
"Fixing my brain and attention span",r/productivity,,https://www.reddit.com/r/productivity/comments/1rl1kql/,506,,3.5,cold_lead,"time",low,,,"Motivational manifesto about quitting phone",true_vent,"List add retarget later"
"1 min breathing before deep work",r/productivity,,https://www.reddit.com/r/productivity/comments/1rw1we1/,292,,3.5,cold_lead,"time;complexity",low,"Pomodoro",negative,"Says pomodoro lasted 2 weeks max",false,"List add retarget later"
"Need help studying again",r/productivity,,https://www.reddit.com/r/productivity/comments/1s1fsff/,,,3.0,cold_lead,"time;complexity",low,"Pomodoro",negative,"Says pomodoro is stupid idea",false,"List add retarget later"
"ADHD at 52: 5 things that worked",r/studytips,,https://www.reddit.com/r/studytips/comments/1rax0e0/,130,,3.0,cold_lead,"complexity;time",low,,,"ADHD coping strategies systems focus",false,"List add retarget later"
